MatchDate,HomeTeam,AwayTeam,HomeGoals,AwayGoals,Home_xG,Away_xG
2023-08-18,Werder Bremen,Bayern Munich,0,4,0.33,3.3
2023-08-19,Leverkusen,RB Leipzig,3,2,2.31,1.98
2023-08-19,Augsburg,M'gladbach,4,4,2.64,1.98
2023-08-19,Hoffenheim,Freiburg,1,2,1.65,2.64
2023-08-19,Wolfsburg,Heidenheim,2,0,2.64,0.33
2023-08-19,Dortmund,FC Koln,1,0,0.66,1.32
2023-08-19,Stuttgart,Bochum,5,0,2.97,0.33
2023-08-20,Union Berlin,Mainz,4,1,2.31,0.99
2023-08-20,Ein Frankfurt,Darmstadt,1,0,1.32,0.66
2023-08-25,RB Leipzig,Stuttgart,5,1,3.63,0.99
2023-08-26,Bochum,Dortmund,1,1,1.98,0.99
2023-08-26,Heidenheim,Hoffenheim,2,3,2.97,1.98
2023-08-26,Darmstadt,Union Berlin,1,4,1.98,1.98
2023-08-26,Freiburg,Werder Bremen,1,0,1.98,0.66
2023-08-26,FC Koln,Wolfsburg,1,2,0.66,1.98
2023-08-26,M'gladbach,Leverkusen,0,3,0.66,3.3
2023-08-27,Mainz,Ein Frankfurt,1,1,2.31,0.66
2023-08-27,Bayern Munich,Augsburg,3,1,1.98,0.66
2023-09-01,Dortmund,Heidenheim,2,2,2.97,1.98
2023-09-02,Augsburg,Bochum,2,2,0.99,2.97
2023-09-02,Hoffenheim,Wolfsburg,3,1,1.65,2.31
2023-09-02,Leverkusen,Darmstadt,5,1,4.29,0.33
2023-09-02,Stuttgart,Freiburg,5,0,1.98,1.65
2023-09-02,Werder Bremen,Mainz,4,0,1.98,0.99
2023-09-02,M'gladbach,Bayern Munich,1,2,0.99,2.97
2023-09-03,Ein Frankfurt,FC Koln,1,1,1.32,0.66
2023-09-03,Union Berlin,RB Leipzig,0,3,0.33,2.64
2023-09-15,Bayern Munich,Leverkusen,2,2,2.97,1.65
2023-09-16,FC Koln,Hoffenheim,1,3,2.31,1.65
2023-09-16,Freiburg,Dortmund,2,4,1.32,1.98
2023-09-16,Mainz,Stuttgart,1,3,0.99,1.98
2023-09-16,RB Leipzig,Augsburg,3,0,1.98,1.32
2023-09-16,Wolfsburg,Union Berlin,2,1,0.99,1.65
2023-09-16,Bochum,Ein Frankfurt,1,1,3.3,1.98
2023-09-17,Heidenheim,Werder Bremen,4,2,1.32,1.32
2023-09-17,Darmstadt,M'gladbach,3,3,2.64,3.3
2023-09-22,Stuttgart,Darmstadt,3,1,3.63,0.0
2023-09-23,Dortmund,Wolfsburg,1,0,1.32,0.66
2023-09-23,Augsburg,Mainz,2,1,0.99,0.99
2023-09-23,Bayern Munich,Bochum,7,0,5.28,0.33
2023-09-23,Union Berlin,Hoffenheim,0,2,1.98,1.32
2023-09-23,Werder Bremen,FC Koln,2,1,1.98,1.65
2023-09-23,M'gladbach,RB Leipzig,0,1,0.33,1.32
2023-09-24,Leverkusen,Heidenheim,4,1,3.3,0.33
2023-09-24,Ein Frankfurt,Freiburg,0,0,1.65,0.66
2023-09-29,Hoffenheim,Dortmund,1,3,1.65,1.65
2023-09-30,Heidenheim,Union Berlin,1,0,1.32,2.64
2023-09-30,FC Koln,Stuttgart,0,2,1.65,1.32
2023-09-30,Bochum,M'gladbach,1,3,1.65,2.97
2023-09-30,Mainz,Leverkusen,0,3,0.99,0.99
2023-09-30,RB Leipzig,Bayern Munich,2,2,0.66,1.65
2023-09-30,Wolfsburg,Ein Frankfurt,2,0,2.31,0.99
2023-10-01,Darmstadt,Werder Bremen,4,2,1.65,2.31
2023-10-01,Freiburg,Augsburg,2,0,0.99,1.32
2023-10-06,M'gladbach,Mainz,2,2,2.97,2.31
2023-10-07,Stuttgart,Wolfsburg,3,1,2.31,1.65
2023-10-07,Werder Bremen,Hoffenheim,2,3,0.99,1.32
2023-10-07,Augsburg,Darmstadt,1,2,0.99,1.65
2023-10-07,Dortmund,Union Berlin,4,2,2.31,1.98
2023-10-07,RB Leipzig,Bochum,0,0,1.65,0.66
2023-10-08,Ein Frankfurt,Heidenheim,2,0,1.98,0.66
2023-10-08,Leverkusen,FC Koln,3,0,3.3,0.99
2023-10-08,Bayern Munich,Freiburg,3,0,1.65,0.0
2023-10-20,Dortmund,Werder Bremen,1,0,1.65,0.33
2023-10-21,Darmstadt,RB Leipzig,1,3,0.99,2.31
2023-10-21,Freiburg,Bochum,2,1,1.65,1.65
2023-10-21,Hoffenheim,Ein Frankfurt,1,3,1.65,1.65
2023-10-21,Union Berlin,Stuttgart,0,3,0.66,1.65
2023-10-21,Wolfsburg,Leverkusen,1,2,2.31,1.98
2023-10-21,Mainz,Bayern Munich,1,3,0.99,1.65
2023-10-22,FC Koln,M'gladbach,3,1,2.64,0.66
2023-10-22,Heidenheim,Augsburg,2,5,1.65,1.98
2023-10-27,Bochum,Mainz,2,2,1.32,1.32
2023-10-28,Augsburg,Wolfsburg,3,2,1.65,1.98
2023-10-28,Bayern Munich,Darmstadt,8,0,5.28,1.32
2023-10-28,M'gladbach,Heidenheim,2,1,1.98,0.99
2023-10-28,Stuttgart,Hoffenheim,2,3,3.3,1.65
2023-10-28,Werder Bremen,Union Berlin,2,0,0.99,0.66
2023-10-28,RB Leipzig,FC Koln,6,0,4.29,0.33
2023-10-29,Ein Frankfurt,Dortmund,3,3,2.31,1.32
2023-10-29,Leverkusen,Freiburg,2,1,1.32,1.32
2023-11-03,Darmstadt,Bochum,1,2,1.32,1.32
2023-11-04,Hoffenheim,Leverkusen,2,3,2.31,1.32
2023-11-04,Freiburg,M'gladbach,3,3,2.64,1.65
2023-11-04,FC Koln,Augsburg,1,1,3.96,0.99
2023-11-04,Dortmund,Bayern Munich,0,4,0.33,2.64
2023-11-04,Union Berlin,Ein Frankfurt,0,3,0.99,0.99
2023-11-04,Mainz,RB Leipzig,2,0,0.99,0.66
2023-11-05,Wolfsburg,Werder Bremen,2,2,1.65,1.32
2023-11-05,Heidenheim,Stuttgart,2,0,0.66,0.66
2023-11-10,M'gladbach,Wolfsburg,4,0,2.64,1.32
2023-11-11,Augsburg,Hoffenheim,1,1,1.98,1.98
2023-11-11,Bochum,FC Koln,1,1,2.97,1.98
2023-11-11,Bayern Munich,Heidenheim,4,2,2.64,0.66
2023-11-11,Stuttgart,Dortmund,2,1,3.3,0.33
2023-11-11,Darmstadt,Mainz,0,0,0.99,0.0
2023-11-12,Leverkusen,Union Berlin,4,0,3.3,0.66
2023-11-12,Werder Bremen,Ein Frankfurt,2,2,1.65,0.99
2023-11-12,RB Leipzig,Freiburg,3,1,1.98,0.99
2023-11-24,FC Koln,Bayern Munich,0,1,0.66,1.65
2023-11-25,Dortmund,M'gladbach,4,2,4.29,0.99
2023-11-25,Freiburg,Darmstadt,1,1,0.99,0.33
2023-11-25,Union Berlin,Augsburg,1,1,1.98,0.66
2023-11-25,Werder Bremen,Leverkusen,0,3,0.33,1.32
2023-11-25,Wolfsburg,RB Leipzig,2,1,1.32,3.3
2023-11-25,Ein Frankfurt,Stuttgart,1,2,0.33,1.65
2023-11-26,Heidenheim,Bochum,0,0,0.99,0.66
2023-11-26,Hoffenheim,Mainz,1,1,1.98,1.98
2023-12-01,Darmstadt,FC Koln,0,1,0.33,1.98
2023-12-02,Bochum,Wolfsburg,3,1,2.97,1.98
2023-12-02,M'gladbach,Hoffenheim,2,1,0.99,1.65
2023-12-02,RB Leipzig,Heidenheim,2,1,2.64,0.33
2023-12-02,Stuttgart,Werder Bremen,2,0,1.98,0.99
2023-12-03,Mainz,Freiburg,0,1,1.98,1.65
2023-12-03,Leverkusen,Dortmund,1,1,1.98,0.66
2023-12-03,Augsburg,Ein Frankfurt,2,1,1.32,1.98
2023-12-08,Hoffenheim,Bochum,3,1,2.31,1.65
2023-12-09,Union Berlin,M'gladbach,3,1,1.98,1.32
2023-12-09,Heidenheim,Darmstadt,3,2,2.31,2.31
2023-12-09,Ein Frankfurt,Bayern Munich,5,1,1.98,1.98
2023-12-09,Werder Bremen,Augsburg,2,0,1.65,0.33
2023-12-09,Dortmund,RB Leipzig,2,3,1.98,2.64
2023-12-09,Wolfsburg,Freiburg,0,1,0.99,0.33
2023-12-10,Stuttgart,Leverkusen,1,1,3.96,1.98
2023-12-10,FC Koln,Mainz,0,0,0.99,1.65
2023-12-15,M'gladbach,Werder Bremen,2,2,1.32,1.65
2023-12-16,Augsburg,Dortmund,1,1,1.32,1.98
2023-12-16,Bochum,Union Berlin,3,0,2.31,0.66
2023-12-16,Darmstadt,Wolfsburg,0,1,1.32,0.99
2023-12-16,Mainz,Heidenheim,0,1,1.32,0.66
2023-12-16,RB Leipzig,Hoffenheim,3,1,3.63,1.32
2023-12-17,Leverkusen,Ein Frankfurt,3,0,1.98,0.66
2023-12-17,Bayern Munich,Stuttgart,3,0,2.64,0.66
2023-12-17,Freiburg,FC Koln,2,0,2.31,0.33
2023-12-19,Dortmund,Mainz,1,1,2.64,1.98
2023-12-19,Hoffenheim,Darmstadt,3,3,1.32,0.99
2023-12-19,Werder Bremen,RB Leipzig,1,1,0.99,2.97
2023-12-20,Union Berlin,FC Koln,2,0,2.64,2.31
2023-12-20,Ein Frankfurt,M'gladbach,2,1,2.31,0.66
2023-12-20,Heidenheim,Freiburg,3,2,0.99,1.32
2023-12-20,Leverkusen,Bochum,4,0,2.64,0.33
2023-12-20,Stuttgart,Augsburg,3,0,2.31,1.65
2023-12-20,Wolfsburg,Bayern Munich,1,2,1.32,2.31
2024-01-12,Bayern Munich,Hoffenheim,3,0,3.96,1.32
2024-01-13,Freiburg,Union Berlin,0,0,1.32,1.32
2024-01-13,Augsburg,Leverkusen,0,1,0.0,1.98
2024-01-13,FC Koln,Heidenheim,1,1,1.98,0.66
2024-01-13,Darmstadt,Dortmund,0,3,0.66,2.64
2024-01-13,Mainz,Wolfsburg,1,1,1.32,1.32
2024-01-13,RB Leipzig,Ein Frankfurt,0,1,2.31,0.33
2024-01-14,Bochum,Werder Bremen,1,1,1.32,1.32
2024-01-14,M'gladbach,Stuttgart,3,1,1.32,0.66
2024-01-20,Bochum,Stuttgart,1,0,0.33,1.32
2024-01-20,Darmstadt,Ein Frankfurt,2,2,0.99,1.32
2024-01-20,FC Koln,Dortmund,0,4,1.65,2.31
2024-01-20,Freiburg,Hoffenheim,3,2,2.64,1.32
2024-01-20,Heidenheim,Wolfsburg,1,1,0.99,0.99
2024-01-20,RB Leipzig,Leverkusen,2,3,1.98,1.65
2024-01-21,Bayern Munich,Werder Bremen,0,1,1.98,0.99
2024-01-21,M'gladbach,Augsburg,1,2,1.32,2.31
2024-01-24,Bayern Munich,Union Berlin,1,0,3.3,0.33
2024-01-26,Ein Frankfurt,Mainz,1,0,1.32,0.0
2024-01-27,Augsburg,Bayern Munich,2,3,2.31,1.32
2024-01-27,Hoffenheim,Heidenheim,1,1,2.64,0.99
2024-01-27,Stuttgart,RB Leipzig,5,2,3.63,0.66
2024-01-27,Werder Bremen,Freiburg,3,1,1.32,1.32
2024-01-27,Wolfsburg,FC Koln,1,1,1.65,0.66
2024-01-27,Leverkusen,M'gladbach,0,0,2.64,0.99
2024-01-28,Union Berlin,Darmstadt,1,0,1.98,0.33
2024-01-28,Dortmund,Bochum,3,1,1.98,1.32
2024-02-02,Heidenheim,Dortmund,0,0,0.0,1.65
2024-02-03,Darmstadt,Leverkusen,0,2,1.98,2.31
2024-02-03,Bochum,Augsburg,1,1,1.32,1.98
2024-02-03,Bayern Munich,M'gladbach,3,1,1.98,1.32
2024-02-03,Freiburg,Stuttgart,1,3,1.32,2.97
2024-02-03,FC Koln,Ein Frankfurt,2,0,1.32,1.32
2024-02-03,Mainz,Werder Bremen,0,1,1.65,0.33
2024-02-04,Wolfsburg,Hoffenheim,2,2,2.64,2.31
2024-02-04,RB Leipzig,Union Berlin,2,0,1.98,0.66
2024-02-07,Mainz,Union Berlin,1,1,2.31,1.32
2024-02-09,Dortmund,Freiburg,3,0,2.64,0.99
2024-02-10,Augsburg,RB Leipzig,2,2,1.32,1.98
2024-02-10,Ein Frankfurt,Bochum,1,1,0.66,1.65
2024-02-10,M'gladbach,Darmstadt,0,0,2.64,0.33
2024-02-10,Union Berlin,Wolfsburg,1,0,0.66,1.65
2024-02-10,Werder Bremen,Heidenheim,1,2,0.99,0.99
2024-02-10,Leverkusen,Bayern Munich,3,0,2.64,0.33
2024-02-11,Stuttgart,Mainz,3,1,2.31,1.98
2024-02-11,Hoffenheim,FC Koln,1,1,1.32,0.33
2024-02-16,FC Koln,Werder Bremen,0,1,0.66,1.32
2024-02-17,Darmstadt,Stuttgart,1,2,2.97,1.32
2024-02-17,Heidenheim,Leverkusen,1,2,0.99,1.32
2024-02-17,Hoffenheim,Union Berlin,0,1,1.32,0.99
2024-02-17,Mainz,Augsburg,1,0,1.32,1.32
2024-02-17,Wolfsburg,Dortmund,1,1,1.32,1.65
2024-02-17,RB Leipzig,M'gladbach,2,0,2.97,0.0
2024-02-18,Freiburg,Ein Frankfurt,3,3,2.64,1.98
2024-02-18,Bochum,Bayern Munich,3,2,1.65,3.3
2024-02-23,Leverkusen,Mainz,2,1,2.31,1.32
2024-02-24,M'gladbach,Bochum,5,2,1.98,1.65
2024-02-24,Stuttgart,FC Koln,1,1,1.65,1.98
2024-02-24,Union Berlin,Heidenheim,2,2,0.99,1.32
2024-02-24,Werder Bremen,Darmstadt,1,1,1.32,0.99
2024-02-24,Bayern Munich,RB Leipzig,2,1,1.32,1.65
2024-02-25,Ein Frankfurt,Wolfsburg,2,2,1.65,2.64
2024-02-25,Dortmund,Hoffenheim,2,3,2.31,1.65
2024-02-25,Augsburg,Freiburg,2,1,2.64,0.33
2024-03-01,Freiburg,Bayern Munich,2,2,1.65,2.97
2024-03-02,Bochum,RB Leipzig,1,4,1.32,1.32
2024-03-02,Darmstadt,Augsburg,0,6,1.65,1.98
2024-03-02,Heidenheim,Ein Frankfurt,1,2,0.99,1.98
2024-03-02,Mainz,M'gladbach,1,1,1.65,1.65
2024-03-02,Union Berlin,Dortmund,0,2,1.65,2.31
2024-03-02,Wolfsburg,Stuttgart,2,3,0.66,0.99
2024-03-03,FC Koln,Leverkusen,0,2,0.0,1.98
2024-03-03,Hoffenheim,Werder Bremen,2,1,2.31,2.64
2024-03-08,Stuttgart,Union Berlin,2,0,1.65,1.32
2024-03-09,Augsburg,Heidenheim,1,0,1.32,0.33
2024-03-09,Bayern Munich,Mainz,8,1,3.96,0.99
2024-03-09,M'gladbach,FC Koln,3,3,1.65,1.65
2024-03-09,RB Leipzig,Darmstadt,2,0,2.64,1.32
2024-03-09,Werder Bremen,Dortmund,1,2,1.65,1.98
2024-03-10,Bochum,Freiburg,1,2,1.98,1.65
2024-03-10,Ein Frankfurt,Hoffenheim,3,1,2.31,0.66
2024-03-10,Leverkusen,Wolfsburg,2,0,2.31,0.33
2024-03-15,FC Koln,RB Leipzig,1,5,0.66,2.31
2024-03-16,Mainz,Bochum,2,0,1.32,1.32
2024-03-16,Darmstadt,Bayern Munich,2,5,0.99,1.98
2024-03-16,Heidenheim,M'gladbach,1,1,1.65,0.66
2024-03-16,Wolfsburg,Augsburg,1,3,1.32,1.65
2024-03-16,Hoffenheim,Stuttgart,0,3,0.33,3.96
2024-03-16,Union Berlin,Werder Bremen,2,1,1.65,0.66
2024-03-17,Freiburg,Leverkusen,2,3,0.99,2.31
2024-03-17,Dortmund,Ein Frankfurt,3,1,1.98,1.98
2024-03-30,Ein Frankfurt,Union Berlin,0,0,1.32,0.66
2024-03-30,Leverkusen,Hoffenheim,2,1,3.96,0.66
2024-03-30,M'gladbach,Freiburg,0,3,1.32,2.64
2024-03-30,RB Leipzig,Mainz,0,0,3.3,0.66
2024-03-30,Werder Bremen,Wolfsburg,0,2,0.33,1.65
2024-03-30,Bayern Munich,Dortmund,0,2,0.99,1.65
2024-03-31,Bochum,Darmstadt,2,2,2.31,0.99
2024-03-31,Augsburg,FC Koln,1,1,1.98,0.66
2024-03-31,Stuttgart,Heidenheim,3,3,1.98,0.99
2024-04-05,Ein Frankfurt,Werder Bremen,1,1,1.65,2.31
2024-04-06,FC Koln,Bochum,2,1,1.98,0.66
2024-04-06,Freiburg,RB Leipzig,1,4,1.32,1.98
2024-04-06,Heidenheim,Bayern Munich,3,2,1.32,2.64
2024-04-06,Mainz,Darmstadt,4,0,2.97,0.66
2024-04-06,Union Berlin,Leverkusen,0,1,0.33,2.64
2024-04-06,Dortmund,Stuttgart,0,1,2.31,0.66
2024-04-07,Hoffenheim,Augsburg,3,1,1.98,2.31
2024-04-07,Wolfsburg,M'gladbach,1,3,1.32,1.98
2024-04-12,Augsburg,Union Berlin,2,0,1.32,1.32
2024-04-13,Mainz,Hoffenheim,4,1,2.64,0.33
2024-04-13,Bochum,Heidenheim,1,1,1.65,0.99
2024-04-13,Bayern Munich,FC Koln,2,0,2.31,1.65
2024-04-13,RB Leipzig,Wolfsburg,3,0,1.98,0.99
2024-04-13,M'gladbach,Dortmund,1,2,1.65,1.32
2024-04-13,Stuttgart,Ein Frankfurt,3,0,1.98,0.99
2024-04-14,Darmstadt,Freiburg,0,1,1.32,0.99
2024-04-14,Leverkusen,Werder Bremen,5,0,3.3,0.99
2024-04-19,Ein Frankfurt,Augsburg,3,1,2.31,0.33
2024-04-20,FC Koln,Darmstadt,0,2,1.32,1.98
2024-04-20,Heidenheim,RB Leipzig,1,2,1.65,1.32
2024-04-20,Hoffenheim,M'gladbach,4,3,2.97,2.31
2024-04-20,Wolfsburg,Bochum,1,0,1.65,0.33
2024-04-20,Union Berlin,Bayern Munich,1,5,1.32,2.97
2024-04-21,Freiburg,Mainz,1,1,0.99,1.32
2024-04-21,Werder Bremen,Stuttgart,2,1,0.66,1.65
2024-04-21,Dortmund,Leverkusen,1,1,0.66,1.65
2024-04-26,Bochum,Hoffenheim,3,2,4.29,1.32
2024-04-27,Augsburg,Werder Bremen,0,3,0.33,2.64
2024-04-27,Bayern Munich,Ein Frankfurt,2,1,2.97,0.99
2024-04-27,Freiburg,Wolfsburg,1,2,0.99,1.65
2024-04-27,RB Leipzig,Dortmund,4,1,2.31,1.65
2024-04-27,Leverkusen,Stuttgart,2,2,1.98,1.32
2024-04-28,M'gladbach,Union Berlin,0,0,1.32,2.31
2024-04-28,Mainz,FC Koln,1,1,1.32,1.98
2024-04-28,Darmstadt,Heidenheim,0,1,1.32,1.98
2024-05-03,Hoffenheim,RB Leipzig,1,1,2.64,1.65
2024-05-04,Werder Bremen,M'gladbach,2,2,1.98,2.31
2024-05-04,Stuttgart,Bayern Munich,3,1,3.63,0.99
2024-05-04,FC Koln,Freiburg,0,0,2.31,0.0
2024-05-04,Wolfsburg,Darmstadt,3,0,1.98,0.33
2024-05-04,Dortmund,Augsburg,5,1,3.3,1.32
2024-05-05,Union Berlin,Bochum,3,4,1.98,1.65
2024-05-05,Ein Frankfurt,Leverkusen,1,5,1.65,1.98
2024-05-05,Heidenheim,Mainz,1,1,1.98,1.32
2024-05-10,Augsburg,Stuttgart,0,1,0.33,2.31
2024-05-11,FC Koln,Union Berlin,3,2,1.65,1.98
2024-05-11,Freiburg,Heidenheim,1,1,0.99,0.99
2024-05-11,M'gladbach,Ein Frankfurt,1,1,0.99,0.33
2024-05-11,RB Leipzig,Werder Bremen,1,1,1.65,0.33
2024-05-11,Mainz,Dortmund,3,0,1.98,0.66
2024-05-12,Bochum,Leverkusen,0,5,0.0,3.3
2024-05-12,Darmstadt,Hoffenheim,0,6,0.33,2.31
2024-05-12,Bayern Munich,Wolfsburg,2,0,0.99,0.66
2024-05-18,Dortmund,Darmstadt,4,0,3.3,0.33
2024-05-18,Ein Frankfurt,RB Leipzig,2,2,1.98,1.65
2024-05-18,Heidenheim,FC Koln,4,1,2.31,2.97
2024-05-18,Hoffenheim,Bayern Munich,4,2,2.97,1.32
2024-05-18,Leverkusen,Augsburg,2,1,2.64,0.66
2024-05-18,Stuttgart,M'gladbach,4,0,3.63,1.65
2024-05-18,Union Berlin,Freiburg,2,1,1.65,1.65
2024-05-18,Werder Bremen,Bochum,4,1,3.96,2.64
2024-05-18,Wolfsburg,Mainz,1,3,1.32,1.98
2024-08-23,M'gladbach,Leverkusen,2,3,2.31,2.97
2024-08-24,Hoffenheim,Holstein Kiel,3,2,2.64,1.98
2024-08-24,Augsburg,Werder Bremen,2,2,0.99,1.98
2024-08-24,Freiburg,Stuttgart,3,1,1.32,0.66
2024-08-24,RB Leipzig,Bochum,1,0,0.99,1.32
2024-08-24,Dortmund,Ein Frankfurt,2,0,1.65,0.66
2024-08-24,Mainz,Union Berlin,1,1,0.99,1.32
2024-08-25,Wolfsburg,Bayern Munich,2,3,0.66,2.64
2024-08-25,St Pauli,Heidenheim,0,2,0.99,0.99
2024-08-30,Union Berlin,St Pauli,1,0,1.65,0.66
2024-08-31,Werder Bremen,Dortmund,0,0,0.33,1.32
2024-08-31,Leverkusen,RB Leipzig,2,3,3.3,1.32
2024-08-31,Bochum,M'gladbach,0,2,1.32,1.98
2024-08-31,Ein Frankfurt,Hoffenheim,3,1,2.31,0.99
2024-08-31,Holstein Kiel,Wolfsburg,0,2,1.65,1.32
2024-08-31,Stuttgart,Mainz,3,3,4.29,2.31
2024-09-01,Heidenheim,Augsburg,4,0,2.97,0.33
2024-09-01,Bayern Munich,Freiburg,2,0,1.32,1.32
2024-09-13,Dortmund,Heidenheim,4,2,2.31,1.32
2024-09-14,Freiburg,Bochum,2,1,2.97,0.66
2024-09-14,Hoffenheim,Leverkusen,1,4,1.65,2.64
2024-09-14,M'gladbach,Stuttgart,1,3,2.31,2.31
2024-09-14,RB Leipzig,Union Berlin,0,0,0.99,0.99
2024-09-14,Wolfsburg,Ein Frankfurt,1,2,1.32,2.31
2024-09-14,Holstein Kiel,Bayern Munich,1,6,0.33,4.29
2024-09-15,Augsburg,St Pauli,3,1,3.3,0.99
2024-09-15,Mainz,Werder Bremen,1,2,1.65,1.65
2024-09-20,Augsburg,Mainz,2,3,2.97,0.99
2024-09-21,Union Berlin,Hoffenheim,2,1,0.66,0.99
2024-09-21,Bochum,Holstein Kiel,2,2,0.99,1.32
2024-09-21,Werder Bremen,Bayern Munich,0,5,0.0,2.31
2024-09-21,Ein Frankfurt,M'gladbach,2,0,1.32,2.31
2024-09-21,Heidenheim,Freiburg,0,3,0.66,1.65
2024-09-22,Leverkusen,Wolfsburg,4,3,2.31,1.32
2024-09-22,Stuttgart,Dortmund,5,1,2.97,0.99
2024-09-22,St Pauli,RB Leipzig,0,0,1.32,1.65
2024-09-27,Dortmund,Bochum,4,2,2.64,1.98
2024-09-28,Freiburg,St Pauli,0,3,0.66,1.32
2024-09-28,Mainz,Heidenheim,0,2,0.66,2.31
2024-09-28,M'gladbach,Union Berlin,1,0,0.99,0.99
2024-09-28,RB Leipzig,Augsburg,4,0,2.31,0.33
2024-09-28,Wolfsburg,Stuttgart,2,2,0.66,1.65
2024-09-28,Bayern Munich,Leverkusen,1,1,0.99,0.99
2024-09-29,Holstein Kiel,Ein Frankfurt,2,4,1.65,3.3
2024-09-29,Hoffenheim,Werder Bremen,3,4,1.65,3.3
2024-10-04,Augsburg,M'gladbach,2,1,1.65,1.65
2024-10-05,Bochum,Wolfsburg,1,3,1.65,1.65
2024-10-05,Leverkusen,Holstein Kiel,2,2,2.31,1.32
2024-10-05,Union Berlin,Dortmund,2,1,1.65,1.65
2024-10-05,Werder Bremen,Freiburg,0,1,0.99,0.99
2024-10-05,St Pauli,Mainz,0,3,1.32,1.32
2024-10-06,Heidenheim,RB Leipzig,0,1,1.32,0.66
2024-10-06,Ein Frankfurt,Bayern Munich,3,3,1.32,4.29
2024-10-06,Stuttgart,Hoffenheim,1,1,2.31,1.65
2024-10-18,Dortmund,St Pauli,2,1,2.31,0.99
2024-10-19,Hoffenheim,Bochum,3,1,2.31,1.32
2024-10-19,Leverkusen,Ein Frankfurt,2,1,2.97,0.66
2024-10-19,Freiburg,Augsburg,3,1,1.98,0.99
2024-10-19,M'gladbach,Heidenheim,3,2,3.3,1.98
2024-10-19,Bayern Munich,Stuttgart,4,0,3.3,0.33
2024-10-19,Mainz,RB Leipzig,0,2,0.66,1.65
2024-10-20,Holstein Kiel,Union Berlin,0,2,1.65,1.32
2024-10-20,Wolfsburg,Werder Bremen,2,4,1.98,2.31
2024-10-25,Mainz,M'gladbach,1,1,1.98,1.65
2024-10-26,Augsburg,Dortmund,2,1,1.32,1.32
2024-10-26,RB Leipzig,Freiburg,3,1,2.97,1.65
2024-10-26,St Pauli,Wolfsburg,0,0,1.65,1.32
2024-10-26,Stuttgart,Holstein Kiel,2,1,1.98,0.99
2024-10-26,Werder Bremen,Leverkusen,2,2,2.64,1.98
2024-10-27,Union Berlin,Ein Frankfurt,1,1,1.32,1.65
2024-10-27,Heidenheim,Hoffenheim,0,0,0.99,1.32
2024-10-27,Bochum,Bayern Munich,0,5,0.66,2.97
2024-11-01,Leverkusen,Stuttgart,0,0,1.65,0.33
2024-11-02,Wolfsburg,Augsburg,1,1,1.98,0.33
2024-11-02,Dortmund,RB Leipzig,2,1,2.31,0.99
2024-11-02,Bayern Munich,Union Berlin,3,0,2.31,0.33
2024-11-02,Ein Frankfurt,Bochum,7,2,2.97,2.64
2024-11-02,Hoffenheim,St Pauli,0,2,1.98,0.99
2024-11-02,Holstein Kiel,Heidenheim,1,0,1.98,1.32
2024-11-03,Freiburg,Mainz,0,0,0.66,0.66
2024-11-03,M'gladbach,Werder Bremen,4,1,2.64,1.65
2024-11-08,Union Berlin,Freiburg,0,0,1.98,1.32
2024-11-09,Bochum,Leverkusen,1,1,0.99,0.99
2024-11-09,Mainz,Dortmund,3,1,2.97,0.33
2024-11-09,St Pauli,Bayern Munich,0,1,0.0,1.98
2024-11-09,Werder Bremen,Holstein Kiel,2,1,1.65,1.65
2024-11-09,RB Leipzig,M'gladbach,0,0,1.32,1.32
2024-11-10,Augsburg,Hoffenheim,0,0,1.32,0.66
2024-11-10,Stuttgart,Ein Frankfurt,2,3,3.63,1.65
2024-11-10,Heidenheim,Wolfsburg,1,3,1.32,1.98
2024-11-22,Bayern Munich,Augsburg,3,0,4.62,0.33
2024-11-23,Leverkusen,Heidenheim,5,2,3.3,0.99
2024-11-23,Hoffenheim,RB Leipzig,4,3,2.31,1.98
2024-11-23,Dortmund,Freiburg,4,0,2.31,0.99
2024-11-23,Ein Frankfurt,Werder Bremen,1,0,1.65,0.33
2024-11-23,Wolfsburg,Union Berlin,1,0,1.65,1.32
2024-11-23,Stuttgart,Bochum,2,0,1.65,0.66
2024-11-24,Holstein Kiel,Mainz,0,3,0.66,2.31
2024-11-24,M'gladbach,St Pauli,2,0,1.32,0.99
2024-11-29,St Pauli,Holstein Kiel,3,1,1.32,0.99
2024-11-30,RB Leipzig,Wolfsburg,1,5,1.32,2.64
2024-11-30,Freiburg,M'gladbach,3,1,2.31,1.32
2024-11-30,Augsburg,Bochum,1,0,1.32,0.33
2024-11-30,Union Berlin,Leverkusen,1,2,0.66,0.99
2024-11-30,Dortmund,Bayern Munich,1,1,0.66,1.65
2024-11-30,Werder Bremen,Stuttgart,2,2,1.98,1.32
2024-12-01,Mainz,Hoffenheim,2,0,2.64,0.66
2024-12-01,Heidenheim,Ein Frankfurt,0,4,0.33,2.64
2024-12-06,Stuttgart,Union Berlin,3,2,1.65,0.99
2024-12-07,Bayern Munich,Heidenheim,4,2,3.3,0.66
2024-12-07,Bochum,Werder Bremen,0,1,0.66,0.33
2024-12-07,Ein Frankfurt,Augsburg,2,2,1.32,0.99
2024-12-07,Holstein Kiel,RB Leipzig,0,2,1.65,1.65
2024-12-07,Leverkusen,St Pauli,2,1,0.66,1.32
2024-12-07,M'gladbach,Dortmund,1,1,0.99,0.99
2024-12-08,Wolfsburg,Mainz,4,3,1.65,1.65
2024-12-08,Hoffenheim,Freiburg,1,1,1.65,1.32
2024-12-13,Freiburg,Wolfsburg,3,2,2.97,1.65
2024-12-14,Augsburg,Leverkusen,0,2,1.32,0.99
2024-12-14,Mainz,Bayern Munich,2,1,1.32,0.33
2024-12-14,M'gladbach,Holstein Kiel,4,1,1.98,0.99
2024-12-14,Union Berlin,Bochum,0,2,,
2024-12-14,St Pauli,Werder Bremen,0,2,1.32,1.32
2024-12-15,Heidenheim,Stuttgart,1,3,0.66,2.31
2024-12-15,Dortmund,Hoffenheim,1,1,0.66,0.33
2024-12-15,RB Leipzig,Ein Frankfurt,2,1,2.97,0.99
2024-12-20,Bayern Munich,RB Leipzig,5,1,2.97,0.33
2024-12-21,Holstein Kiel,Augsburg,5,1,1.98,1.32
2024-12-21,Hoffenheim,M'gladbach,1,2,2.64,0.99
2024-12-21,Ein Frankfurt,Mainz,1,3,2.97,0.99
2024-12-21,Stuttgart,St Pauli,0,1,1.65,1.65
2024-12-21,Leverkusen,Freiburg,5,1,3.96,0.66
2024-12-21,Werder Bremen,Union Berlin,4,1,1.98,1.32
2024-12-22,Bochum,Heidenheim,2,0,1.32,0.66
2024-12-22,Wolfsburg,Dortmund,1,3,1.65,1.32
2025-01-10,Dortmund,Leverkusen,2,3,1.65,1.65
2025-01-11,Freiburg,Holstein Kiel,3,2,1.65,2.31
2025-01-11,Heidenheim,Union Berlin,2,0,2.97,1.98
2025-01-11,Hoffenheim,Wolfsburg,0,1,0.66,0.99
2025-01-11,Mainz,Bochum,2,0,1.65,0.66
2025-01-11,St Pauli,Ein Frankfurt,0,1,1.32,1.98
2025-01-11,M'gladbach,Bayern Munich,0,1,0.0,3.3
2025-01-12,RB Leipzig,Werder Bremen,4,2,2.31,0.66
2025-01-12,Augsburg,Stuttgart,0,1,0.66,1.65
2025-01-14,Leverkusen,Mainz,1,0,2.97,1.32
2025-01-14,Wolfsburg,M'gladbach,5,1,1.65,1.65
2025-01-14,Holstein Kiel,Dortmund,4,2,2.31,1.32
2025-01-14,Ein Frankfurt,Freiburg,4,1,2.64,1.65
2025-01-15,Bochum,St Pauli,1,0,1.65,0.33
2025-01-15,Bayern Munich,Hoffenheim,5,0,3.3,0.66
2025-01-15,Stuttgart,RB Leipzig,2,1,1.98,0.99
2025-01-15,Union Berlin,Augsburg,0,2,0.66,1.65
2025-01-15,Werder Bremen,Heidenheim,3,3,1.65,1.65
2025-01-17,Ein Frankfurt,Dortmund,2,0,1.65,0.99
2025-01-18,Heidenheim,St Pauli,0,2,0.33,1.32
2025-01-18,Bochum,RB Leipzig,3,3,0.99,0.99
2025-01-18,Bayern Munich,Wolfsburg,3,2,3.3,0.99
2025-01-18,Stuttgart,Freiburg,4,0,2.31,0.0
2025-01-18,Holstein Kiel,Hoffenheim,1,3,0.99,1.98
2025-01-18,Leverkusen,M'gladbach,3,1,1.65,1.32
2025-01-19,Union Berlin,Mainz,2,1,1.32,0.33
2025-01-19,Werder Bremen,Augsburg,0,2,0.66,1.32
2025-01-24,Wolfsburg,Holstein Kiel,2,2,1.65,0.66
2025-01-25,Augsburg,Heidenheim,2,1,2.31,1.98
2025-01-25,Dortmund,Werder Bremen,2,2,1.32,1.32
2025-01-25,Freiburg,Bayern Munich,1,2,0.66,0.99
2025-01-25,Mainz,Stuttgart,2,0,1.32,1.65
2025-01-25,RB Leipzig,Leverkusen,2,2,1.32,2.31
2025-01-25,M'gladbach,Bochum,3,0,1.98,1.32
2025-01-26,Hoffenheim,Ein Frankfurt,2,2,2.64,2.31
2025-01-26,St Pauli,Union Berlin,3,0,1.65,0.66
2025-01-31,Werder Bremen,Mainz,1,0,1.65,0.66
2025-02-01,Bayern Munich,Holstein Kiel,4,3,3.96,1.98
2025-02-01,Bochum,Freiburg,0,1,1.32,1.65
2025-02-01,Heidenheim,Dortmund,1,2,1.65,1.65
2025-02-01,St Pauli,Augsburg,1,1,0.33,0.33
2025-02-01,Stuttgart,M'gladbach,1,2,0.99,1.98
2025-02-01,Union Berlin,RB Leipzig,0,0,1.98,0.66
2025-02-02,Ein Frankfurt,Wolfsburg,1,1,1.32,0.66
2025-02-02,Leverkusen,Hoffenheim,3,1,1.65,2.31
2025-02-07,Bayern Munich,Werder Bremen,3,0,3.96,0.0
2025-02-08,Dortmund,Stuttgart,1,2,1.65,0.66
2025-02-08,Freiburg,Heidenheim,1,0,0.99,1.65
2025-02-08,Hoffenheim,Union Berlin,0,4,1.32,2.31
2025-02-08,Mainz,Augsburg,0,0,1.65,0.66
2025-02-08,Wolfsburg,Leverkusen,0,0,2.64,0.33
2025-02-08,M'gladbach,Ein Frankfurt,1,1,0.99,2.31
2025-02-09,Holstein Kiel,Bochum,2,2,0.99,1.98
2025-02-09,RB Leipzig,St Pauli,2,0,1.98,1.32
2025-02-14,Augsburg,RB Leipzig,0,0,0.66,1.32
2025-02-15,Bochum,Dortmund,2,0,2.97,0.66
2025-02-15,St Pauli,Freiburg,0,1,0.33,1.32
2025-02-15,Stuttgart,Wolfsburg,1,2,1.32,0.99
2025-02-15,Union Berlin,M'gladbach,1,2,0.99,1.65
2025-02-15,Leverkusen,Bayern Munich,0,0,0.99,0.0
2025-02-16,Heidenheim,Mainz,0,2,0.99,1.65
2025-02-16,Werder Bremen,Hoffenheim,1,3,0.33,2.31
2025-02-16,Ein Frankfurt,Holstein Kiel,3,1,2.97,1.32
2025-02-21,Freiburg,Werder Bremen,5,0,2.64,0.99
2025-02-22,Holstein Kiel,Leverkusen,0,2,0.99,2.64
2025-02-22,Mainz,St Pauli,2,0,1.65,0.0
2025-02-22,M'gladbach,Augsburg,0,3,1.65,1.32
2025-02-22,Wolfsburg,Bochum,1,1,1.98,1.65
2025-02-22,Dortmund,Union Berlin,6,0,2.64,0.33
2025-02-23,RB Leipzig,Heidenheim,2,2,1.98,0.66
2025-02-23,Bayern Munich,Ein Frankfurt,4,0,3.96,0.66
2025-02-23,Hoffenheim,Stuttgart,1,1,0.66,2.31
2025-02-28,Stuttgart,Bayern Munich,1,3,0.99,2.64
2025-03-01,Heidenheim,M'gladbach,0,3,1.65,1.65
2025-03-01,Bochum,Hoffenheim,0,1,0.99,0.66
2025-03-01,RB Leipzig,Mainz,1,2,1.32,0.99
2025-03-01,St Pauli,Dortmund,0,2,0.33,0.99
2025-03-01,Ein Frankfurt,Leverkusen,1,4,0.99,2.97
2025-03-01,Werder Bremen,Wolfsburg,1,2,2.31,0.99
2025-03-02,Union Berlin,Holstein Kiel,0,1,0.99,0.99
2025-03-02,Augsburg,Freiburg,0,0,1.65,0.99
2025-03-07,M'gladbach,Mainz,1,3,1.32,2.64
2025-03-08,Bayern Munich,Bochum,2,3,1.65,1.65
2025-03-08,Dortmund,Augsburg,0,1,0.33,0.33
2025-03-08,Holstein Kiel,Stuttgart,2,2,1.65,0.66
2025-03-08,Leverkusen,Werder Bremen,0,2,1.32,2.31
2025-03-08,Wolfsburg,St Pauli,1,1,1.32,1.32
2025-03-08,Freiburg,RB Leipzig,0,0,0.66,0.99
2025-03-09,Ein Frankfurt,Union Berlin,1,2,0.99,0.99
2025-03-09,Hoffenheim,Heidenheim,1,1,0.99,1.65
2025-03-14,St Pauli,Hoffenheim,1,0,1.65,0.0
2025-03-15,Augsburg,Wolfsburg,1,0,0.66,0.66
2025-03-15,Mainz,Freiburg,2,2,1.32,2.64
2025-03-15,Union Berlin,Bayern Munich,1,1,0.99,1.32
2025-03-15,Werder Bremen,M'gladbach,2,4,0.66,2.31
2025-03-15,RB Leipzig,Dortmund,2,0,1.65,2.97
2025-03-16,Bochum,Ein Frankfurt,1,3,2.31,2.31
2025-03-16,Heidenheim,Holstein Kiel,3,1,1.65,1.32
2025-03-16,Stuttgart,Leverkusen,3,4,1.98,1.32
2025-03-28,Leverkusen,Bochum,3,1,1.65,0.99
2025-03-29,Hoffenheim,Augsburg,1,1,1.32,1.32
2025-03-29,Holstein Kiel,Werder Bremen,0,3,0.0,2.31
2025-03-29,Bayern Munich,St Pauli,3,2,2.97,1.32
2025-03-29,Wolfsburg,Heidenheim,0,1,0.66,1.32
2025-03-29,Ein Frankfurt,Stuttgart,1,0,1.98,0.66
2025-03-29,M'gladbach,RB Leipzig,1,0,0.99,0.99
2025-03-30,Freiburg,Union Berlin,1,2,0.99,1.98
2025-03-30,Dortmund,Mainz,3,1,2.31,0.99
2025-04-04,Augsburg,Bayern Munich,1,3,0.99,2.31
2025-04-05,Bochum,Stuttgart,0,4,0.66,1.98
2025-04-05,Freiburg,Dortmund,1,4,0.99,2.31
2025-04-05,Heidenheim,Leverkusen,0,1,0.66,0.66
2025-04-05,Mainz,Holstein Kiel,1,1,0.99,1.65
2025-04-05,RB Leipzig,Hoffenheim,3,1,1.65,1.65
2025-04-05,Werder Bremen,Ein Frankfurt,2,0,1.32,0.0
2025-04-06,St Pauli,M'gladbach,1,1,2.97,0.99
2025-04-06,Union Berlin,Wolfsburg,1,0,0.99,0.99
2025-04-11,Wolfsburg,RB Leipzig,2,3,1.98,1.65
2025-04-12,Bochum,Augsburg,1,2,2.97,1.65
2025-04-12,Hoffenheim,Mainz,2,0,1.65,0.33
2025-04-12,Holstein Kiel,St Pauli,1,2,0.66,1.98
2025-04-12,Leverkusen,Union Berlin,0,0,0.99,0.99
2025-04-12,M'gladbach,Freiburg,1,2,0.33,2.31
2025-04-12,Bayern Munich,Dortmund,2,2,3.63,0.99
2025-04-13,Stuttgart,Werder Bremen,1,2,1.32,1.65
2025-04-13,Ein Frankfurt,Heidenheim,3,0,2.64,0.99
2025-04-19,Mainz,Wolfsburg,2,2,2.31,1.32
2025-04-19,Heidenheim,Bayern Munich,0,4,0.33,3.63
2025-04-19,Freiburg,Hoffenheim,3,2,1.98,1.98
2025-04-19,Werder Bremen,Bochum,1,0,1.32,0.33
2025-04-19,RB Leipzig,Holstein Kiel,1,1,1.32,0.99
2025-04-19,Union Berlin,Stuttgart,4,4,1.65,1.98
2025-04-20,Augsburg,Ein Frankfurt,0,0,0.66,1.65
2025-04-20,Dortmund,M'gladbach,3,2,1.98,0.99
2025-04-20,St Pauli,Leverkusen,1,1,1.65,1.32
2025-04-25,Stuttgart,Heidenheim,0,1,0.99,0.66
2025-04-26,Bayern Munich,Mainz,3,0,1.98,0.99
2025-04-26,Hoffenheim,Dortmund,2,3,0.99,2.64
2025-04-26,Holstein Kiel,M'gladbach,4,3,3.63,2.31
2025-04-26,Leverkusen,Augsburg,2,0,1.65,0.66
2025-04-26,Wolfsburg,Freiburg,0,1,0.33,0.66
2025-04-26,Ein Frankfurt,RB Leipzig,4,0,1.98,0.99
2025-04-27,Bochum,Union Berlin,1,1,1.32,0.33
2025-04-27,Werder Bremen,St Pauli,0,0,0.66,1.32
2025-05-02,Heidenheim,Bochum,0,0,0.99,0.99
2025-05-03,M'gladbach,Hoffenheim,4,4,2.31,2.64
2025-05-03,RB Leipzig,Bayern Munich,3,3,1.98,1.98
2025-05-03,St Pauli,Stuttgart,0,1,0.33,2.64
2025-05-03,Union Berlin,Werder Bremen,2,2,2.31,1.98
2025-05-03,Dortmund,Wolfsburg,4,0,1.65,0.66
2025-05-04,Augsburg,Holstein Kiel,1,3,3.3,1.65
2025-05-04,Freiburg,Leverkusen,2,2,1.32,0.66
2025-05-04,Mainz,Ein Frankfurt,1,1,0.99,0.66
2025-05-09,Wolfsburg,Hoffenheim,2,2,1.65,2.31
2025-05-10,Bochum,Mainz,1,4,1.98,2.64
2025-05-10,Holstein Kiel,Freiburg,1,2,0.99,1.32
2025-05-10,Union Berlin,Heidenheim,0,3,0.33,1.32
2025-05-10,Werder Bremen,RB Leipzig,0,0,1.98,1.32
2025-05-10,Bayern Munich,M'gladbach,2,0,2.97,1.98
2025-05-11,Leverkusen,Dortmund,2,4,3.3,1.65
2025-05-11,Ein Frankfurt,St Pauli,2,2,1.65,0.66
2025-05-11,Stuttgart,Augsburg,4,0,3.63,0.0
2025-05-17,Hoffenheim,Bayern Munich,0,4,0.66,1.65
2025-05-17,Augsburg,Union Berlin,1,2,1.32,1.32
2025-05-17,Dortmund,Holstein Kiel,3,0,1.98,0.66
2025-05-17,Freiburg,Ein Frankfurt,1,3,0.33,1.98
2025-05-17,Mainz,Leverkusen,2,2,1.98,1.32
2025-05-17,M'gladbach,Wolfsburg,0,1,0.99,1.98
2025-05-17,RB Leipzig,Stuttgart,2,3,1.65,2.31
2025-05-17,St Pauli,Bochum,0,2,0.66,1.98
2025-05-17,Heidenheim,Werder Bremen,1,4,2.64,2.31
2025-08-22,Bayern Munich,RB Leipzig,6,0,3.3,0.33
2025-08-23,Leverkusen,Hoffenheim,1,2,0.66,1.65
2025-08-23,Union Berlin,Stuttgart,2,1,0.66,1.98
2025-08-23,Ein Frankfurt,Werder Bremen,4,1,1.65,1.65
2025-08-23,Freiburg,Augsburg,1,3,1.32,1.65
2025-08-23,Heidenheim,Wolfsburg,1,3,0.66,1.65
2025-08-23,St Pauli,Dortmund,3,3,2.31,2.31
2025-08-24,Mainz,FC Koln,0,1,0.66,0.66
2025-08-24,M'gladbach,Hamburg,0,0,1.32,0.66
2025-08-29,Hamburg,St Pauli,0,2,0.66,1.98
2025-08-30,Hoffenheim,Ein Frankfurt,1,3,1.65,1.98
2025-08-30,RB Leipzig,Heidenheim,2,0,1.65,0.99
2025-08-30,Stuttgart,M'gladbach,1,0,1.65,1.98
2025-08-30,Werder Bremen,Leverkusen,3,3,1.65,1.32
2025-08-30,Augsburg,Bayern Munich,2,3,0.99,3.3
2025-08-31,Wolfsburg,Mainz,1,1,0.99,0.99
2025-08-31,Dortmund,Union Berlin,3,0,1.98,0.99
2025-08-31,FC Koln,Freiburg,4,1,1.98,0.66
2025-09-12,Leverkusen,Ein Frankfurt,3,1,2.64,0.66
2025-09-13,Mainz,RB Leipzig,0,1,0.66,0.99
2025-09-13,Freiburg,Stuttgart,3,1,1.98,0.66
2025-09-13,Heidenheim,Dortmund,0,2,0.33,2.64
2025-09-13,Wolfsburg,FC Koln,3,3,1.98,2.64
2025-09-13,Bayern Munich,Hamburg,5,0,3.96,0.66
2025-09-13,Union Berlin,Hoffenheim,2,4,2.31,2.64
2025-09-14,St Pauli,Augsburg,2,1,2.31,1.65
2025-09-14,M'gladbach,Werder Bremen,0,4,0.99,2.31
2025-09-19,Stuttgart,St Pauli,2,0,2.64,0.66
2025-09-20,Augsburg,Mainz,1,4,1.65,1.32
2025-09-20,RB Leipzig,FC Koln,3,1,2.64,0.66
2025-09-20,Hamburg,Heidenheim,2,1,2.97,2.64
2025-09-20,Werder Bremen,Freiburg,0,3,1.65,1.65
2025-09-20,Hoffenheim,Bayern Munich,1,4,1.32,3.3
2025-09-21,Dortmund,Wolfsburg,1,0,1.32,0.33
2025-09-21,Ein Frankfurt,Union Berlin,3,4,3.3,1.65
2025-09-21,Leverkusen,M'gladbach,1,1,2.97,2.31
2025-09-26,Bayern Munich,Werder Bremen,4,0,4.29,0.99
2025-09-27,Heidenheim,Augsburg,2,1,1.65,0.66
2025-09-27,Mainz,Dortmund,0,2,0.66,1.32
2025-09-27,St Pauli,Leverkusen,1,2,1.98,1.32
2025-09-27,Wolfsburg,RB Leipzig,0,1,1.32,1.98
2025-09-27,M'gladbach,Ein Frankfurt,4,6,2.64,2.31
2025-09-28,Freiburg,Hoffenheim,1,1,0.33,1.32
2025-09-28,FC Koln,Stuttgart,1,2,1.98,1.65
2025-09-28,Union Berlin,Hamburg,0,0,0.66,1.98
2025-10-03,Hoffenheim,FC Koln,0,1,1.32,1.32
2025-10-04,Augsburg,Wolfsburg,3,1,1.65,1.32
2025-10-04,Dortmund,RB Leipzig,1,1,0.99,0.99
2025-10-04,Leverkusen,Union Berlin,2,0,0.99,0.99
2025-10-04,Werder Bremen,St Pauli,1,0,1.65,0.99
2025-10-04,Ein Frankfurt,Bayern Munich,0,3,0.33,0.99
2025-10-05,Stuttgart,Heidenheim,1,0,1.98,0.33
2025-10-05,Hamburg,Mainz,4,0,2.97,1.32
2025-10-05,M'gladbach,Freiburg,0,0,1.65,0.33
2025-10-17,Union Berlin,M'gladbach,3,1,1.65,0.66
2025-10-18,FC Koln,Augsburg,1,1,0.66,1.32
2025-10-18,Heidenheim,Werder Bremen,2,2,3.63,1.32
2025-10-18,Mainz,Leverkusen,3,4,1.32,2.64
2025-10-18,Bayern Munich,Dortmund,2,1,2.31,0.33
2025-10-18,RB Leipzig,Hamburg,2,1,1.32,0.99
2025-10-18,Wolfsburg,Stuttgart,0,3,0.99,2.31
2025-10-19,Freiburg,Ein Frankfurt,2,2,1.65,0.99
2025-10-19,St Pauli,Hoffenheim,0,3,0.66,1.65
2025-10-24,Werder Bremen,Union Berlin,1,0,0.99,0.66
2025-10-25,Augsburg,RB Leipzig,0,6,0.66,2.64
2025-10-25,Ein Frankfurt,St Pauli,2,0,1.98,0.33
2025-10-25,Hamburg,Wolfsburg,0,1,1.98,0.66
2025-10-25,Hoffenheim,Heidenheim,3,1,2.31,0.99
2025-10-25,M'gladbach,Bayern Munich,0,3,0.0,3.63
2025-10-25,Dortmund,FC Koln,1,0,2.97,0.0
2025-10-26,Leverkusen,Freiburg,2,0,1.32,0.99
2025-10-26,Stuttgart,Mainz,2,1,2.64,0.66
2025-10-31,Augsburg,Dortmund,0,1,0.33,0.33
2025-11-01,Heidenheim,Ein Frankfurt,1,1,1.32,0.99
2025-11-01,Mainz,Werder Bremen,1,1,1.65,0.99
2025-11-01,RB Leipzig,Stuttgart,3,1,2.97,1.32
2025-11-01,St Pauli,M'gladbach,0,4,1.32,3.63
2025-11-01,Union Berlin,Freiburg,0,0,0.66,1.32
2025-11-01,Bayern Munich,Leverkusen,3,0,1.32,0.33
2025-11-02,FC Koln,Hamburg,4,1,3.3,1.65
2025-11-02,Wolfsburg,Hoffenheim,2,3,1.98,1.32
2025-11-07,Werder Bremen,Wolfsburg,2,1,2.31,1.32
2025-11-08,Hamburg,Dortmund,1,1,0.99,0.33
2025-11-08,Union Berlin,Bayern Munich,2,2,1.32,1.32
2025-11-08,Leverkusen,Heidenheim,6,0,3.3,0.0
2025-11-08,M'gladbach,FC Koln,3,1,1.32,1.65
2025-11-08,Hoffenheim,RB Leipzig,3,1,1.32,1.65
2025-11-09,Stuttgart,Augsburg,3,2,1.98,1.98
2025-11-09,Ein Frankfurt,Mainz,1,0,1.32,0.0
2025-11-09,Freiburg,St Pauli,2,1,1.32,0.66
2025-11-21,Mainz,Hoffenheim,1,1,0.99,1.65
2025-11-22,Augsburg,Hamburg,1,0,1.98,1.98
2025-11-22,Bayern Munich,Freiburg,6,2,2.64,0.66
2025-11-22,Dortmund,Stuttgart,3,3,1.98,1.98
2025-11-22,Heidenheim,M'gladbach,0,3,0.66,1.32
2025-11-22,Wolfsburg,Leverkusen,1,3,3.3,0.99
2025-11-22,FC Koln,Ein Frankfurt,3,4,1.65,2.31
2025-11-23,RB Leipzig,Werder Bremen,2,0,4.29,1.98
2025-11-23,St Pauli,Union Berlin,0,1,0.99,0.99
2025-11-28,M'gladbach,RB Leipzig,0,0,0.33,1.32
2025-11-29,Bayern Munich,St Pauli,3,1,1.32,0.33
2025-11-29,Hoffenheim,Augsburg,3,0,0.99,1.32
2025-11-29,Union Berlin,Heidenheim,1,2,0.66,0.66
2025-11-29,Werder Bremen,FC Koln,1,1,1.32,0.66
2025-11-29,Leverkusen,Dortmund,1,2,1.32,1.32
2025-11-30,Hamburg,Stuttgart,2,1,0.66,0.99
2025-11-30,Ein Frankfurt,Wolfsburg,1,1,0.99,0.99
2025-11-30,Freiburg,Mainz,4,0,3.3,0.33
2025-12-05,Mainz,M'gladbach,0,1,0.66,1.65
2025-12-06,Augsburg,Leverkusen,2,0,1.98,0.66
2025-12-06,FC Koln,St Pauli,1,1,2.64,0.33
2025-12-06,Heidenheim,Freiburg,2,1,0.99,0.66
2025-12-06,Stuttgart,Bayern Munich,0,5,0.33,3.63
2025-12-06,Wolfsburg,Union Berlin,3,1,0.99,1.98
2025-12-06,RB Leipzig,Ein Frankfurt,6,0,2.31,0.66
2025-12-07,Hamburg,Werder Bremen,3,2,1.98,0.99
2025-12-07,Dortmund,Hoffenheim,2,0,1.32,0.99
2025-12-12,Union Berlin,RB Leipzig,3,1,1.98,0.99
2025-12-13,Ein Frankfurt,Augsburg,1,0,1.32,0.33
2025-12-13,Hoffenheim,Hamburg,4,1,1.98,1.65
2025-12-13,M'gladbach,Wolfsburg,1,3,1.32,1.98
2025-12-13,St Pauli,Heidenheim,2,1,1.65,2.31
2025-12-13,Leverkusen,FC Koln,2,0,1.98,1.32
2025-12-14,Freiburg,Dortmund,1,1,1.98,1.32
2025-12-14,Bayern Munich,Mainz,2,2,3.63,0.66
2025-12-14,Werder Bremen,Stuttgart,0,4,0.99,3.96
2025-12-19,Dortmund,M'gladbach,2,0,1.32,0.33
2025-12-20,Augsburg,Werder Bremen,0,0,1.98,0.0
2025-12-20,FC Koln,Union Berlin,0,1,0.66,0.99
2025-12-20,Hamburg,Ein Frankfurt,1,1,0.99,0.99
2025-12-20,Stuttgart,Hoffenheim,0,0,0.99,0.33
2025-12-20,Wolfsburg,Freiburg,3,4,1.98,2.64
2025-12-20,RB Leipzig,Leverkusen,1,3,2.31,2.64
2025-12-21,Mainz,St Pauli,0,0,0.33,0.33
2025-12-21,Heidenheim,Bayern Munich,0,4,0.33,3.63
2026-01-09,Ein Frankfurt,Dortmund,3,3,1.98,1.98
2026-01-10,Freiburg,Hamburg,2,1,2.31,1.65
2026-01-10,Heidenheim,FC Koln,2,2,1.98,2.97
2026-01-10,Union Berlin,Mainz,2,2,1.65,1.98
2026-01-10,Leverkusen,Stuttgart,1,4,1.32,2.31
2026-01-11,M'gladbach,Augsburg,4,0,2.31,0.66
2026-01-11,Bayern Munich,Wolfsburg,8,1,3.3,0.99
2026-01-13,Stuttgart,Ein Frankfurt,3,2,3.63,1.65
2026-01-13,Dortmund,Werder Bremen,3,0,2.64,0.99
2026-01-13,Mainz,Heidenheim,2,1,1.98,1.32
2026-01-14,Wolfsburg,St Pauli,2,1,1.65,1.32
2026-01-14,FC Koln,Bayern Munich,1,3,0.99,2.64
2026-01-14,Hoffenheim,M'gladbach,5,1,3.3,1.65
2026-01-14,RB Leipzig,Freiburg,2,0,2.31,0.33
2026-01-15,Augsburg,Union Berlin,1,1,1.65,0.99
2026-01-16,Werder Bremen,Ein Frankfurt,3,3,1.32,1.32
2026-01-17,Hamburg,M'gladbach,0,0,3.96,0.0
2026-01-17,Dortmund,St Pauli,3,2,1.98,1.65
2026-01-17,FC Koln,Mainz,2,1,1.98,2.31
2026-01-17,Wolfsburg,Heidenheim,1,1,1.32,0.99
2026-01-17,RB Leipzig,Bayern Munich,1,5,1.32,3.96
2026-01-17,Hoffenheim,Leverkusen,1,0,2.64,0.66
2026-01-18,Stuttgart,Union Berlin,1,1,1.32,0.99
2026-01-18,Augsburg,Freiburg,2,2,1.65,1.65
2026-01-23,St Pauli,Hamburg,0,0,0.99,0.66
2026-01-24,Mainz,Wolfsburg,3,1,2.97,0.66
2026-01-24,Union Berlin,Dortmund,0,3,0.99,1.65
2026-01-24,Bayern Munich,Augsburg,1,2,1.98,1.98
2026-01-24,Ein Frankfurt,Hoffenheim,1,3,0.99,1.65
2026-01-24,Heidenheim,RB Leipzig,0,3,0.66,2.64
2026-01-24,Leverkusen,Werder Bremen,1,0,1.32,0.99
2026-01-25,M'gladbach,Stuttgart,0,3,0.99,2.64
2026-01-25,Freiburg,FC Koln,2,1,1.65,1.32
2026-01-27,St Pauli,RB Leipzig,1,1,0.66,1.65
2026-01-27,Werder Bremen,Hoffenheim,0,2,0.99,0.99
2026-01-30,FC Koln,Wolfsburg,1,0,0.99,0.99
2026-01-31,Augsburg,St Pauli,2,1,1.98,1.65
2026-01-31,Ein Frankfurt,Leverkusen,1,3,1.32,1.32
2026-01-31,Hoffenheim,Union Berlin,3,1,1.32,0.99
2026-01-31,RB Leipzig,Mainz,1,2,1.32,1.32
2026-01-31,Werder Bremen,M'gladbach,1,1,1.98,0.66
2026-01-31,Hamburg,Bayern Munich,2,2,1.32,2.31
2026-02-01,Stuttgart,Freiburg,1,0,2.31,0.66
2026-02-01,Dortmund,Heidenheim,3,2,1.65,0.99
2026-02-06,Union Berlin,Ein Frankfurt,1,1,0.99,0.33
2026-02-07,Freiburg,Werder Bremen,1,0,0.66,1.65
2026-02-07,Heidenheim,Hamburg,0,2,1.32,1.65
2026-02-07,Mainz,Augsburg,2,0,1.98,1.98
2026-02-07,St Pauli,Stuttgart,2,1,2.31,0.99
2026-02-07,Wolfsburg,Dortmund,1,2,0.66,1.32
2026-02-07,M'gladbach,Leverkusen,1,1,1.98,0.66
2026-02-08,FC Koln,RB Leipzig,1,2,0.99,1.32
2026-02-08,Bayern Munich,Hoffenheim,5,1,4.62,1.32
2026-02-13,Dortmund,Mainz,4,0,2.64,1.65
2026-02-14,Leverkusen,St Pauli,4,0,2.31,0.33
2026-02-14,Hamburg,Union Berlin,3,2,1.32,1.65
2026-02-14,Hoffenheim,Freiburg,3,0,2.31,0.99
2026-02-14,Stuttgart,FC Koln,3,1,1.32,0.99
2026-02-14,Werder Bremen,Bayern Munich,0,3,0.99,2.64
2026-02-14,Ein Frankfurt,M'gladbach,3,0,2.97,0.99
2026-02-15,Augsburg,Heidenheim,1,0,1.32,0.66
2026-02-15,RB Leipzig,Wolfsburg,2,2,3.3,0.99
2026-02-20,Mainz,Hamburg,1,1,0.99,1.65
2026-02-21,Bayern Munich,Ein Frankfurt,3,2,3.63,0.99
2026-02-21,FC Koln,Hoffenheim,2,2,1.32,1.98
2026-02-21,Union Berlin,Leverkusen,1,0,1.32,0.33
2026-02-21,Wolfsburg,Augsburg,2,3,1.32,1.98
2026-02-21,RB Leipzig,Dortmund,2,2,0.99,1.65
2026-02-22,Heidenheim,Stuttgart,3,3,1.98,2.64
2026-02-22,Freiburg,M'gladbach,2,1,1.98,0.66
2026-02-22,St Pauli,Werder Bremen,2,1,1.32,1.32
2026-02-27,Augsburg,FC Koln,2,0,1.32,0.99
2026-02-28,Hoffenheim,St Pauli,0,1,3.63,0.99
2026-02-28,Leverkusen,Mainz,1,1,1.65,1.32
2026-02-28,M'gladbach,Union Berlin,1,0,2.31,0.66
2026-02-28,Werder Bremen,Heidenheim,2,0,1.98,0.0
2026-02-28,Dortmund,Bayern Munich,2,3,0.66,1.98
2026-03-01,Ein Frankfurt,Freiburg,2,0,2.31,0.66
2026-03-01,Hamburg,RB Leipzig,1,2,0.99,1.65
2026-03-01,Stuttgart,Wolfsburg,4,0,3.63,0.99
2026-03-04,Hamburg,Leverkusen,0,1,0.99,1.32
2026-03-06,Bayern Munich,M'gladbach,4,1,2.97,1.65
2026-03-07,Freiburg,Leverkusen,3,3,2.97,1.65
2026-03-07,Heidenheim,Hoffenheim,2,4,0.66,2.31
2026-03-07,Mainz,Stuttgart,2,2,1.98,1.32
2026-03-07,RB Leipzig,Augsburg,2,1,2.64,1.65
2026-03-07,Wolfsburg,Hamburg,1,2,1.32,2.31
2026-03-07,FC Koln,Dortmund,1,2,1.32,1.65
2026-03-08,St Pauli,Ein Frankfurt,0,0,0.66,0.66
2026-03-08,Union Berlin,Werder Bremen,1,4,0.66,1.65
2026-03-13,M'gladbach,St Pauli,2,0,1.32,0.33
2026-03-14,Dortmund,Augsburg,2,0,1.65,0.99
2026-03-14,Ein Frankfurt,Heidenheim,1,0,1.32,0.33
2026-03-14,Hoffenheim,Wolfsburg,1,1,1.98,0.66
2026-03-14,Leverkusen,Bayern Munich,1,1,2.31,1.65
2026-03-14,Hamburg,FC Koln,1,1,0.33,0.66
2026-03-15,Werder Bremen,Mainz,0,2,0.99,0.66
2026-03-15,Freiburg,Union Berlin,0,1,1.98,1.32
2026-03-15,Stuttgart,RB Leipzig,1,0,1.32,1.32
2026-03-20,RB Leipzig,Hoffenheim,5,0,2.97,0.66
2026-03-21,Bayern Munich,Union Berlin,4,0,2.97,0.33
2026-03-21,FC Koln,M'gladbach,3,3,1.65,0.99
2026-03-21,Heidenheim,Leverkusen,3,3,1.65,1.65
2026-03-21,Wolfsburg,Werder Bremen,0,1,1.32,0.99
2026-03-21,Dortmund,Hamburg,3,2,2.64,1.32
2026-03-22,Mainz,Ein Frankfurt,2,1,1.65,1.32
2026-03-22,St Pauli,Freiburg,1,2,1.65,1.98
2026-03-22,Augsburg,Stuttgart,2,5,2.31,2.64
2026-04-04,Freiburg,Bayern Munich,2,3,1.32,2.97
2026-04-04,Hamburg,Augsburg,1,1,1.32,0.99
2026-04-04,Hoffenheim,Mainz,1,2,1.65,1.65
2026-04-04,Leverkusen,Wolfsburg,6,3,3.63,1.65
2026-04-04,M'gladbach,Heidenheim,2,2,2.31,2.31
2026-04-04,Werder Bremen,RB Leipzig,1,2,1.65,0.66
2026-04-04,Stuttgart,Dortmund,0,2,0.99,0.99
2026-04-05,Union Berlin,St Pauli,1,1,2.64,0.66
2026-04-05,Ein Frankfurt,FC Koln,2,2,2.31,2.97
2026-04-10,Augsburg,Hoffenheim,2,2,2.64,1.32
2026-04-11,Dortmund,Leverkusen,0,1,0.33,1.32
2026-04-11,Heidenheim,Union Berlin,3,1,0.99,0.99
2026-04-11,RB Leipzig,M'gladbach,1,0,3.63,0.99
2026-04-11,Wolfsburg,Ein Frankfurt,1,2,2.31,1.32
2026-04-11,St Pauli,Bayern Munich,0,5,0.99,2.64
2026-04-12,FC Koln,Werder Bremen,3,1,2.64,0.66
2026-04-12,Stuttgart,Hamburg,4,0,3.63,1.65
2026-04-12,Mainz,Freiburg,0,1,0.99,0.99
2026-04-17,St Pauli,FC Koln,1,1,1.98,0.33
2026-04-18,Hoffenheim,Dortmund,2,1,1.32,0.99
2026-04-18,Leverkusen,Augsburg,1,2,3.3,1.65
2026-04-18,Union Berlin,Wolfsburg,1,2,2.31,1.32
2026-04-18,Werder Bremen,Hamburg,3,1,3.3,0.99
2026-04-18,Ein Frankfurt,RB Leipzig,1,3,1.65,2.64
2026-04-19,Freiburg,Heidenheim,2,1,1.32,0.66
2026-04-19,Bayern Munich,Stuttgart,4,2,2.97,2.31
2026-04-19,M'gladbach,Mainz,1,1,1.32,2.31
2026-04-24,RB Leipzig,Union Berlin,3,1,3.3,0.33
2026-04-25,Augsburg,Ein Frankfurt,1,1,0.99,2.31
2026-04-25,FC Koln,Leverkusen,1,2,3.3,0.99
2026-04-25,Heidenheim,St Pauli,2,0,1.65,0.66
2026-04-25,Mainz,Bayern Munich,3,4,2.64,1.98
2026-04-25,Wolfsburg,M'gladbach,0,0,1.32,0.66
2026-04-25,Hamburg,Hoffenheim,1,2,1.32,1.98
2026-04-26,Stuttgart,Werder Bremen,1,1,1.32,0.99
2026-04-26,Dortmund,Freiburg,4,0,1.65,1.32
2026-05-02,Bayern Munich,Heidenheim,3,3,2.31,1.65
2026-05-02,Ein Frankfurt,Hamburg,1,2,1.65,1.32
2026-05-02,Hoffenheim,Stuttgart,3,3,2.97,1.65
2026-05-02,Union Berlin,FC Koln,2,2,0.99,1.32
2026-05-02,Werder Bremen,Augsburg,1,3,1.32,2.31
2026-05-02,Leverkusen,RB Leipzig,4,1,2.64,1.65
2026-05-03,St Pauli,Mainz,1,2,0.99,1.98
2026-05-03,M'gladbach,Dortmund,1,0,1.32,0.33
2026-05-03,Freiburg,Wolfsburg,1,1,0.99,1.32
2026-05-08,Dortmund,Ein Frankfurt,3,2,2.64,1.32
2026-05-09,Augsburg,M'gladbach,3,1,3.3,1.32
2026-05-09,Hoffenheim,Werder Bremen,1,0,1.32,0.66
2026-05-09,RB Leipzig,St Pauli,2,1,1.65,0.99
2026-05-09,Stuttgart,Leverkusen,3,1,2.97,1.65
2026-05-09,Wolfsburg,Bayern Munich,0,1,1.65,2.97
2026-05-10,Hamburg,Freiburg,3,2,1.65,0.99
2026-05-10,FC Koln,Heidenheim,1,3,2.31,1.65
2026-05-10,Mainz,Union Berlin,1,3,0.99,2.97
